GEOID,NAME,rentersE,rentersM,burden_30_35E,burden_30_35M,burden_35_40E,burden_35_40M,burden_40_50E,burden_40_50M,burden_50_plusE,burden_50_plusM,incomeE,incomeM,burden_30_plusE,burden_rate,burden_pct,burden_30_plusM,burden_moe,burden_moe_pct
48287,"Lee County, Texas",1550,376,140,121,23,31,294,219,245,120,76371,8546,702,0.4529032258064516,45.29032258064516,279.21855239220764,0.14275972781376442,14.275972781376442
48037,"Bowie County, Texas",12820,692,1426,336,600,224,1326,332,2466,432,59803,2992,5818,0.45382215288611544,45.38221528861154,678.1740189656339,0.04688602562107854,4.688602562107854
48273,"Kleberg County, Texas",5628,498,279,173,313,179,211,150,1663,445,61292,4466,2466,0.43816631130063965,43.81663113006397,531.5025870115779,0.0861131852453139,8.61131852453139
48229,"Hudspeth County, Texas",222,79,0,15,0,15,0,15,15,15,48600,11506,15,0.06756756756756757,6.756756756756757,21.213203435596427,0.09248039419325667,9.248039419325666
48419,"Shelby County, Texas",2434,365,155,92,29,31,91,63,436,209,49776,6129,711,0.2921117502054232,29.211175020542317,238.90374630800582,0.08783565005374254,8.783565005374253
48301,"Loving County, Texas",24,28,0,15,0,15,0,15,0,15,51250,617,0,0,0,15,0.625,62.5
48339,"Montgomery County, Texas",69884,2344,5119,803,3991,780,6193,923,15711,1338,97701,2366,31014,0.4437925705454754,44.37925705454754,1973.6722118933528,0.024000891001301445,2.4000891001301445
48029,"Bexar County, Texas",309018,3657,27058,1590,22322,1784,29379,1822,77640,2793,72341,701,156399,0.5061161485738694,50.61161485738695,4102.595398037686,0.011848381988692869,1.1848381988692869
48245,"Jefferson County, Texas",35551,1264,2678,568,2536,523,3092,555,8566,822,60026,1694,16872,0.474585806306433,47.4585806306433,1256.9256143463701,0.03106918889206628,3.1069188892066277
48457,"Tyler County, Texas",1345,225,58,41,159,97,70,47,217,119,55396,6988,504,0.3747211895910781,37.47211895910781,165.71059109181888,0.1060657833611004,10.60657833611004
48157,"Fort Bend County, Texas",67442,2346,6221,831,4499,1020,6872,868,16285,1610,114041,1899,33877,0.5023130986625545,50.231309866255444,2253.1056344521444,0.028474296210609453,2.8474296210609453
48139,"Ellis County, Texas",17370,981,1273,345,1263,372,1451,407,4081,650,99595,3164,8068,0.4644789867587795,46.44789867587795,919.5422774402491,0.04598214852680694,4.598214852680694
48499,"Wood County, Texas",3707,519,285,142,282,154,146,111,936,308,60300,4634,1649,0.44483409765308873,44.48340976530887,388.6708118704053,0.08434670516714414,8.434670516714414
48041,"Brazos County, Texas",48421,1394,3970,667,3216,549,4365,621,16421,1118,58553,2259,27972,0.5776832366122137,57.768323661221366,1543.3259539060439,0.027190107304437952,2.719010730443795
48459,"Upshur County, Texas",3014,350,105,66,225,104,221,119,429,141,66208,4679,980,0.32514930325149305,32.51493032514931,221.8422863207103,0.06318134915276041,6.318134915276041
48343,"Morris County, Texas",1278,232,65,43,44,32,188,102,204,90,58645,3609,501,0.392018779342723,39.201877934272304,146.2087548678259,0.08957652836620883,8.957652836620882
48393,"Roberts County, Texas",48,28,2,5,0,15,4,6,0,15,67868,8541,6,0.125,12.5,16.911534525287763,0.3446956689119645,34.46956689119645
48289,"Leon County, Texas",1579,253,45,39,52,43,63,72,229,92,61449,5115,389,0.24635845471817605,24.635845471817603,130.4530566909032,0.07257751034819346,7.2577510348193455
48349,"Navarro County, Texas",5820,500,499,180,393,170,609,245,816,208,63111,4150,2317,0.3981099656357388,39.81099656357388,405.69569876941017,0.06073977062597175,6.073977062597176
48185,"Grimes County, Texas",2059,343,193,235,115,82,161,129,376,176,69803,4947,845,0.4103933948518698,41.03933948518698,331.00755278392063,0.14550029228852177,14.550029228852177
48467,"Van Zandt County, Texas",4200,457,413,173,222,99,316,183,771,215,69475,3694,1722,0.41,41,345.60671289776764,0.06914462934728695,6.914462934728695
48125,"Dickens County, Texas",149,50,15,20,0,15,6,7,33,21,49335,5467,54,0.3624161073825503,36.241610738255034,33.391615714128,0.18823516300091864,18.823516300091864
48105,"Crockett County, Texas",322,132,0,15,0,15,0,15,0,15,81022,32122,0,0,0,15,0.046583850931677016,4.658385093167702
48415,"Scurry County, Texas",1362,257,35,42,148,112,48,57,151,115,60039,7010,382,0.28046989720998533,28.046989720998532,175.44799799370753,0.11744301051959449,11.74430105195945
48379,"Rains County, Texas",846,178,85,84,72,63,47,34,65,36,65413,5361,269,0.31796690307328607,31.796690307328607,116.09048195265622,0.11980973468469185,11.980973468469184
48261,"Kenedy County, Texas",26,24,0,15,0,15,0,15,7,12,38882,4589,7,0.2692307692307692,26.923076923076923,19.209372712298546,0.6957696780094442,69.57696780094442
48213,"Henderson County, Texas",7449,490,618,179,720,233,376,138,1746,349,65179,3668,3460,0.46449187810444353,46.44918781044435,476.6287863736306,0.05621899963412861,5.621899963412861
48355,"Nueces County, Texas",52888,1350,4438,565,4072,625,5044,650,12453,1185,66897,1922,26007,0.4917372560883376,49.17372560883376,1592.662864513391,0.027373259895488167,2.7373259895488165
48427,"Starr County, Texas",5837,602,383,198,252,134,405,192,1326,269,37639,4431,2366,0.4053452115812918,40.53452115812918,407.90317478538947,0.055998689789416085,5.5998689789416085
48409,"San Patricio County, Texas",8393,676,593,179,748,237,982,328,1442,320,69704,4048,3765,0.44858810913856784,44.858810913856786,546.0714238998412,0.05410845724747835,5.410845724747835
48039,"Brazoria County, Texas",34623,1508,3417,687,2483,606,3473,685,6703,810,97993,3188,16076,0.4643156283395431,46.43156283395431,1401.6169234138122,0.035068997288839006,3.5068997288839006
48443,"Terrell County, Texas",48,38,0,15,0,15,4,6,0,15,44886,18616,4,0.08333333333333333,8.333333333333332,16.15549442140351,0.33004380905428554,33.004380905428555
48211,"Hemphill County, Texas",427,121,27,36,0,15,79,53,34,34,61563,22132,140,0.32786885245901637,32.78688524590164,74.06753674856482,0.14647999634879874,14.647999634879874
48067,"Cass County, Texas",2764,393,303,158,105,60,230,130,473,201,53813,4921,1111,0.4019536903039074,40.19536903039074,293.027302482209,0.08929156742346607,8.929156742346606
48387,"Red River County, Texas",1419,256,42,26,25,17,260,153,270,105,48491,3389,597,0.42071881606765327,42.071881606765324,188.1462197334828,0.10871652004453339,10.871652004453338
48219,"Hockley County, Texas",2200,284,117,92,113,79,78,52,436,151,63140,4743,744,0.3381818181818182,33.81818181818182,200.5243127403757,0.08001242144534457,8.001242144534457
48127,"Dimmit County, Texas",1003,231,110,112,54,54,19,22,201,135,38808,8956,384,0.382851445663011,38.2851445663011,184.84858668650946,0.1618339338232215,16.18339338232215
48471,"Walker County, Texas",11323,876,961,394,841,373,1162,494,3116,654,52324,4014,6080,0.5369601695663694,53.69601695663694,982.9125088226317,0.07622132807723796,7.622132807723796
48089,"Colorado County, Texas",1626,270,156,97,61,49,0,28,164,81,66377,6733,381,0.23431734317343172,23.43173431734317,138.40158958624716,0.07570436783236911,7.570436783236911
48131,"Duval County, Texas",904,312,23,36,9,11,30,29,135,148,49038,8942,197,0.2179203539823009,21.792035398230087,155.44130725132234,0.15462688148939188,15.462688148939188
48475,"Ward County, Texas",943,183,75,70,0,23,72,75,194,108,65952,17987,341,0.3616118769883351,36.16118769883351,150.72491499417075,0.14360667516209202,14.360667516209203
48225,"Houston County, Texas",2344,265,348,155,94,74,112,80,329,133,56531,3782,883,0.37670648464163825,37.670648464163826,231.49514033776174,0.08910616558981792,8.910616558981792
48347,"Nacogdoches County, Texas",10309,622,716,202,517,205,938,286,3209,490,53555,3013,5380,0.5218740906004462,52.18740906004462,636.1800059731522,0.05307347847295214,5.3073478472952145
48153,"Floyd County, Texas",522,118,59,49,11,16,10,16,62,56,58462,8910,142,0.2720306513409962,27.203065134099617,77.77531742140305,0.1357129902689069,13.57129902689069
48469,"Victoria County, Texas",12105,625,882,262,545,208,973,330,3052,458,70896,2738,5452,0.450392399834779,45.039239983477906,656.1798533938694,0.048965965522541226,4.896596552254122
48223,"Hopkins County, Texas",4045,341,379,139,274,137,286,116,621,175,70888,5106,1560,0.3856613102595797,38.56613102595797,286.6548447174755,0.06296851650919975,6.296851650919975
48025,"Bee County, Texas",2570,384,139,134,141,98,82,73,871,332,57673,5833,1233,0.47976653696498056,47.976653696498055,378.3027887816848,0.12856503255102114,12.856503255102114
48119,"Delta County, Texas",373,101,44,24,33,43,22,27,28,24,66575,11689,127,0.34048257372654156,34.048257372654156,61.07372593840988,0.13531345463153754,13.531345463153755
48455,"Trinity County, Texas",1254,233,152,94,38,49,66,58,186,108,52018,4911,442,0.3524720893141946,35.24720893141946,162.06480185407318,0.11141558300104637,11.141558300104638
48015,"Austin County, Texas",2849,354,164,110,147,89,253,124,625,225,75789,8661,1189,0.4173394173394173,41.733941733941734,293.2950732624058,0.08893232239364429,8.89323223936443
48151,"Fisher County, Texas",306,83,4,5,5,7,16,15,23,25,65533,2822,48,0.1568627450980392,15.686274509803921,30.397368307141328,0.08976463376102244,8.976463376102243
48407,"San Jacinto County, Texas",1680,269,195,104,81,79,160,104,127,80,65364,6756,563,0.3351190476190476,33.51190476190476,185.129684275645,0.09624930812670085,9.624930812670085
48405,"San Augustine County, Texas",732,192,55,60,62,54,86,75,118,84,50408,7814,321,0.4385245901639344,43.85245901639344,138.55323886506588,0.15032234741305234,15.032234741305233
48477,"Washington County, Texas",4677,416,695,279,206,158,162,108,733,232,77825,5635,1796,0.3840068419927304,38.40068419927304,410.23529833499214,0.08078990735559352,8.078990735559351
48435,"Sutton County, Texas",305,119,7,12,0,15,7,13,49,47,78906,19411,63,0.20655737704918034,20.655737704918035,52.41183072551463,0.1517720281489874,15.177202814898742
48071,"Chambers County, Texas",3177,559,310,219,81,83,89,78,695,296,109804,10467,1175,0.36984576644633305,36.98457664463331,385.4218468120353,0.10238586458829041,10.23858645882904
48377,"Presidio County, Texas",548,216,112,100,30,42,28,45,53,76,43802,8138,223,0.40693430656934304,40.693430656934304,139.87494414654827,0.19855301790059007,19.855301790059006
48087,"Collingsworth County, Texas",255,89,0,15,0,15,10,12,10,12,61280,6323,20,0.0784313725490196,7.8431372549019605,22.64950330581225,0.08449812260256938,8.449812260256937
48269,"King County, Texas",45,34,0,15,0,15,0,15,0,15,46645,20375,0,0,0,15,0.3333333333333333,33.33333333333333
48345,"Motley County, Texas",108,50,0,15,0,15,6,8,12,15,61154,11948,18,0.16666666666666666,16.666666666666664,22.67156809750927,0.19522672346751196,19.522672346751197
48061,"Cameron County, Texas",48155,1526,4250,681,2571,417,4017,602,10650,1003,52601,1632,21488,0.4462257294154293,44.622572941542934,1416.3555344615984,0.02579020176580881,2.579020176580881
48473,"Waller County, Texas",5133,647,503,279,282,170,447,313,1052,320,80397,5053,2284,0.44496395869861677,44.49639586986168,554.1750625930401,0.09225162506053572,9.225162506053572
48161,"Freestone County, Texas",1742,221,118,70,92,64,126,86,326,155,59960,5424,662,0.38002296211251435,38.00229621125143,201.03979705520993,0.10485465085497483,10.485465085497484
48453,"Travis County, Texas",279582,3455,24604,2046,20227,1824,24633,1635,61492,2504,99611,1578,130956,0.468399253170805,46.8399253170805,4056.640605229899,0.013305084959029163,1.3305084959029163
48495,"Winkler County, Texas",387,136,56,87,12,19,22,32,25,27,86900,18475,115,0.2971576227390181,29.71576227390181,98.40223574695851,0.2318357159184105,23.18357159184105
48491,"Williamson County, Texas",84783,1928,8196,949,5719,919,8525,1032,16914,1167,111340,1581,39354,0.46417324227734336,46.41732422773433,2042.5657884141701,0.02165620470399199,2.1656204703991992
48423,"Smith County, Texas",25919,1067,1994,412,1865,381,2341,516,5203,660,74192,2224,11403,0.4399475288398472,43.994752883984724,1008.3456748556023,0.034430866735002154,3.4430866735002152
48461,"Upton County, Texas",310,108,0,15,26,35,48,58,6,13,49167,22121,80,0.25806451612903225,25.806451612903224,70.59036761485238,0.2092106257393433,20.92106257393433
48373,"Polk County, Texas",4276,485,388,187,107,75,244,145,956,272,62259,3861,1695,0.39639850327408793,39.639850327408794,368.243126208759,0.07345012352795577,7.345012352795576
48241,"Jasper County, Texas",2904,337,308,140,211,152,224,142,441,184,56723,6933,1184,0.40771349862258954,40.77134986225895,311.004823113726,0.09607709014801084,9.607709014801085
48449,"Titus County, Texas",3280,295,273,130,277,144,163,89,805,209,58425,4968,1518,0.4628048780487805,46.28048780487805,298.72730039284994,0.08100711212809196,8.100711212809196
48389,"Reeves County, Texas",1111,278,233,144,17,33,84,109,235,147,64297,10908,569,0.5121512151215122,51.21512151215122,235.1914114078148,0.1684960187131525,16.84960187131525
48437,"Swisher County, Texas",800,150,19,21,34,55,58,55,178,85,36165,14512,289,0.36125,36.125,117.11532777565881,0.12978175697438904,12.978175697438903
48173,"Glasscock County, Texas",145,73,6,8,0,15,0,15,0,15,101250,53302,6,0.041379310344827586,4.137931034482759,17,0.11537571031486814,11.537571031486813
48361,"Orange County, Texas",8054,730,563,192,277,118,555,219,2052,459,72104,2537,3447,0.4279860938664018,42.79860938664018,556.2643256582252,0.05714383534021742,5.714383534021742
48167,"Galveston County, Texas",45522,1300,4127,695,2963,514,3406,514,13096,1060,86105,2507,23592,0.5182549097139845,51.825490971398445,1461.169736888908,0.02848235074540213,2.848235074540213
48007,"Aransas County, Texas",2900,480,162,106,81,96,388,262,587,241,69466,8686,1218,0.42,42,383.63654674704804,0.11255039299415669,11.25503929941567
48465,"Val Verde County, Texas",5202,493,230,116,329,162,360,240,1111,289,66100,5286,2030,0.3902345251826221,39.02345251826221,425.2305257151702,0.07289912949657028,7.289912949657028
48403,"Sabine County, Texas",666,186,49,39,29,29,9,15,70,41,66585,7963,157,0.23573573573573572,23.573573573573572,65.3299318842443,0.07271754908289267,7.271754908289267
48315,"Marion County, Texas",905,203,56,41,71,76,47,43,154,107,49672,3965,328,0.3624309392265193,36.24309392265193,144.0659571168706,0.13686474809997135,13.686474809997135
48257,"Kaufman County, Texas",11172,882,1475,468,499,177,1397,419,2779,464,89485,5546,6150,0.550483351235231,55.048335123523096,800.7558928912107,0.056996827620083255,5.699682762008326
48277,"Lamar County, Texas",6793,638,349,137,210,115,324,132,1822,345,61880,4398,2705,0.3982040335639629,39.82040335639629,410.41807952379486,0.04745096686479559,4.74509668647956
48005,"Angelina County, Texas",11621,684,1271,307,512,181,1200,401,2404,439,60960,3197,5387,0.4635573530677222,46.355735306772225,693.2041546326739,0.053045229831324675,5.304522983132467
48507,"Zavala County, Texas",1013,237,29,34,90,86,18,29,197,120,36749,5834,334,0.3297137216189536,32.97137216189536,154.24979740667408,0.13128503888899634,13.128503888899633
48401,"Rusk County, Texas",3814,490,213,115,195,137,298,165,696,245,68658,4537,1402,0.3675930781331935,36.759307813319346,345.3172454425061,0.07724681662700422,7.724681662700422
48003,"Andrews County, Texas",1470,309,44,57,29,49,127,94,277,140,72242,9282,477,0.32448979591836735,32.44897959183673,184.62394210935915,0.10545854412767608,10.545854412767607
48395,"Robertson County, Texas",1849,254,47,40,34,31,93,66,469,153,72236,7168,643,0.3477555435370471,34.775554353704706,174.1436188896969,0.08116787639712215,8.116787639712216
48371,"Pecos County, Texas",1469,261,150,106,42,56,113,108,158,110,72750,12336,463,0.3151803948264125,31.518039482641253,195.2844079797463,0.12056692735519223,12.056692735519222
48051,"Burleson County, Texas",1444,340,44,50,51,59,139,116,174,80,70000,8319,408,0.28254847645429365,28.254847645429365,160.738918747141,0.08924717862040282,8.924717862040282
48239,"Jackson County, Texas",1763,330,20,26,92,71,206,164,232,114,65414,3937,550,0.31196823596142936,31.196823596142938,213.5626371816943,0.10613196472746327,10.613196472746326
48351,"Newton County, Texas",830,199,28,26,31,45,43,40,82,60,42618,5785,184,0.2216867469879518,22.16867469879518,88.88756943465155,0.09297277644069611,9.297277644069611
48103,"Crane County, Texas",265,100,10,16,0,15,0,15,0,15,62212,14766,10,0.03773584905660377,3.7735849056603774,21.93171219946131,0.08152690736536408,8.152690736536409
48237,"Jack County, Texas",830,173,87,75,9,17,49,44,169,85,68079,9113,314,0.3783132530120482,37.83132530120482,122.78029157808675,0.1251594080847969,12.515940808479689
48327,"Menard County, Texas",182,86,11,17,0,15,16,26,11,17,53043,18990,38,0.2087912087912088,20.87912087912088,38.45776904605882,0.18686008505124516,18.686008505124516
48053,"Burnet County, Texas",4969,512,628,265,216,90,321,126,670,185,78732,5425,1835,0.3692895954920507,36.92895954920507,358.36573496917924,0.06126536506220035,6.126536506220035
48463,"Uvalde County, Texas",2478,401,261,179,204,136,86,79,257,160,53801,6171,808,0.32606941081517354,32.606941081517355,287.01567901423084,0.10310828042762994,10.310828042762994
48311,"McMullen County, Texas",45,34,0,15,0,15,0,15,0,15,43875,13683,0,0,0,15,0.3333333333333333,33.33333333333333
48187,"Guadalupe County, Texas",14509,963,1140,272,911,330,1668,556,2442,433,92375,3124,6161,0.4246329864222207,42.46329864222207,824.3233588829082,0.04933116491462074,4.933116491462074
48203,"Harrison County, Texas",6082,578,653,270,214,153,554,270,1052,312,66103,3000,2473,0.4066096678724104,40.66096678724104,516.2877104870888,0.07558267508363128,7.558267508363128
48391,"Refugio County, Texas",574,125,81,57,47,39,33,36,147,79,60181,5864,308,0.5365853658536586,53.65853658536586,110.93691901256317,0.15394418454732173,15.394418454732172
48057,"Calhoun County, Texas",1971,448,336,243,155,153,325,260,203,131,79959,8800,1019,0.5169964485032978,51.69964485032978,408.9241983546584,0.1709827856487742,17.09827856487742
48133,"Eastland County, Texas",2056,301,145,93,92,61,177,108,317,136,53549,6005,731,0.3555447470817121,35.554474708171206,206.22802913280242,0.08574247518736891,8.574247518736891
48155,"Foard County, Texas",105,43,0,15,5,8,0,15,16,22,61563,25735,21,0.2,20,27.80287754891569,0.2518034722995922,25.18034722995922
48073,"Cherokee County, Texas",4732,506,224,110,105,65,328,158,665,177,61261,4398,1322,0.279374471682164,27.9374471682164,269.4772717688822,0.048483053153614536,4.848305315361453
48063,"Camp County, Texas",1084,209,147,102,21,31,176,116,118,93,58843,6940,462,0.4261992619926199,42.61992619926199,182.94808006644945,0.1474155001481239,14.741550014812391
48141,"El Paso County, Texas",107181,2196,9374,1001,7980,916,10656,1031,25435,1564,59806,1141,53445,0.4986424832759538,49.86424832759538,2313.0313443617665,0.019009078022830854,1.9009078022830854
48001,"Anderson County, Texas",4863,601,147,198,222,152,393,167,1447,492,62068,4521,2209,0.4542463499897183,45.42463499897183,576.42085319669,0.10439482158777415,10.439482158777414
48199,"Hardin County, Texas",3928,521,244,158,135,76,404,169,764,272,75808,5192,1547,0.39383910386965376,39.383910386965375,365.0821825288109,0.07687463394447366,7.6874633944473665
48243,"Jeff Davis County, Texas",116,86,0,15,0,15,0,15,52,58,59286,31477,52,0.4482758620689655,44.827586206896555,59.90826320300064,0.3953095768674022,39.53095768674022
48329,"Midland County, Texas",21902,1103,1688,456,1239,411,2103,484,5255,869,92874,5211,10285,0.46959181809880374,46.95918180988038,1168.8772390631962,0.0478427074024191,4.784270740241911
48323,"Maverick County, Texas",5329,554,516,178,423,198,369,198,822,255,49568,4673,2130,0.3996997560517921,39.96997560517921,418.4698316485909,0.06663225273753409,6.663225273753409
48503,"Young County, Texas",1982,245,144,94,83,61,96,72,363,132,68010,9174,686,0.34611503531786075,34.61150353178608,187.52333188166213,0.08438703265590033,8.438703265590034
48043,"Brewster County, Texas",1857,292,58,64,126,110,220,156,240,133,56212,9462,644,0.34679590737749055,34.67959073774905,241.29028161117472,0.11793893539984426,11.793893539984426
48333,"Mills County, Texas",355,92,27,26,15,11,14,11,11,11,67620,10934,67,0.18873239436619718,18.87323943661972,32.2335229225724,0.07649912969067804,7.649912969067804
48215,"Hidalgo County, Texas",87939,2126,6230,817,4524,891,6134,749,21340,1382,54338,1156,38228,0.4347104242713699,43.47104242713699,1983.001512858727,0.019950971902897182,1.995097190289718
48481,"Wharton County, Texas",4408,498,304,169,197,113,833,308,593,218,66924,3866,1927,0.4371597096188748,43.71597096188748,428.62337780387105,0.08376100245142434,8.376100245142434
48169,"Garza County, Texas",431,157,17,23,28,35,8,14,13,21,46314,16002,66,0.1531322505800464,15.31322505800464,48.8978527135906,0.09879179289941904,9.879179289941904
48135,"Ector County, Texas",22810,1492,1852,525,1488,483,1930,568,5372,941,71536,3707,10642,0.46654975887768524,46.65497588776852,1310.3507164114499,0.048670264041822404,4.867026404182241
48055,"Caldwell County, Texas",4110,470,269,126,272,175,504,205,694,244,69758,5400,1739,0.42311435523114355,42.311435523114355,384.7882534589641,0.08014999249329614,8.014999249329614
48445,"Terry County, Texas",1439,272,48,56,66,68,201,111,280,150,44100,2716,595,0.4134815844336345,41.348158443363445,206.35164162177145,0.12022875523467885,12.022875523467885
48497,"Wise County, Texas",4677,416,417,162,309,107,496,198,493,134,93421,4689,1715,0.3666880478939491,36.66880478939491,307.98214233945447,0.05720581970450825,5.720581970450825
48069,"Castro County, Texas",879,183,142,100,5,9,111,73,74,37,56776,10779,332,0.37770193401592717,37.770193401592714,129.53377937819926,0.12463181204765383,12.463181204765384
48309,"McLennan County, Texas",37183,1202,3244,522,2531,488,3231,596,10516,1002,66643,1952,19522,0.5250248769599011,52.502487695990105,1367.4238552840886,0.032624842243194715,3.2624842243194716
48331,"Milam County, Texas",2347,316,420,203,20,22,107,109,424,167,66141,6831,971,0.41371964209629314,41.37196420962931,285.41723844224964,0.10810179195362915,10.810179195362915
48091,"Comal County, Texas",16687,1105,2172,671,1185,302,1337,363,3393,567,101889,2995,8087,0.48462875292143587,48.462875292143586,997.3479834039872,0.050421521947233955,5.042152194723395
48183,"Gregg County, Texas",19150,1011,1732,343,1364,383,1420,279,4520,532,66550,2015,9036,0.4718537859007833,47.18537859007833,790.6977930916464,0.032928489187724966,3.2928489187724965
48195,"Hansford County, Texas",350,116,2,4,8,15,43,42,81,64,69441,9481,134,0.38285714285714284,38.285714285714285,78.10889834071403,0.18358393536594686,18.358393536594686
48353,"Nolan County, Texas",1878,255,143,73,219,133,70,54,314,120,50747,3546,746,0.3972310969116081,39.72310969116081,200.8332641770282,0.0923414493843646,9.23414493843646
48031,"Blanco County, Texas",1228,219,64,59,65,59,92,78,192,92,92425,6033,413,0.33631921824104233,33.63192182410423,146.6628787389638,0.10327936023319659,10.327936023319658
48297,"Live Oak County, Texas",1249,210,85,52,3,5,70,72,214,110,57150,13763,372,0.2978382706164932,29.78382706164932,141.46731071169762,0.10159302594358854,10.159302594358854
48179,"Gray County, Texas",1888,268,129,102,185,112,123,84,323,150,59614,5857,760,0.4025423728813559,40.25423728813559,229.1375132971465,0.10707227224736982,10.707227224736982
48123,"DeWitt County, Texas",1805,265,60,52,188,114,76,50,290,120,63730,7622,614,0.3401662049861496,34.016620498614955,180.55470085267788,0.08667138299105467,8.667138299105467
48285,"Lavaca County, Texas",1836,297,153,137,79,63,128,87,238,103,63240,5166,598,0.32570806100217864,32.570806100217865,202.27703774773843,0.09675735893476013,9.675735893476013
48247,"Jim Hogg County, Texas",558,159,17,28,0,15,78,79,87,103,42211,3821,182,0.32616487455197135,32.61648745519714,133.63756956784272,0.2207250852508769,22.072508525087688
48045,"Briscoe County, Texas",95,39,3,5,0,15,8,9,10,11,45417,13842,21,0.22105263157894736,22.105263157894736,21.2602916254693,0.20456763445452672,20.456763445452673
48383,"Reagan County, Texas",310,110,0,15,0,15,0,15,25,21,57813,16497,25,0.08064516129032258,8.064516129032258,25.80697580112788,0.07817546975889783,7.817546975889783
48283,"La Salle County, Texas",395,148,0,21,80,95,21,35,43,54,57716,17385,144,0.36455696202531646,36.45569620253165,116.64904628842878,0.2618255147528483,26.182551475284832
48205,"Hartley County, Texas",418,136,35,38,7,17,65,72,17,26,75841,15329,124,0.2966507177033493,29.665071770334926,87.13782186857783,0.184773908771279,18.4773908771279
48033,"Borden County, Texas",82,34,0,15,0,15,0,15,0,15,65625,21776,0,0,0,15,0.18292682926829268,18.29268292682927
48321,"Matagorda County, Texas",4924,528,262,146,374,236,137,119,1462,374,58628,4363,2235,0.45389926888708365,45.389926888708366,480.6755662606536,0.0846199262371341,8.46199262371341
48337,"Montague County, Texas",1718,247,134,99,22,19,153,104,415,192,64545,5667,724,0.4214202561117579,42.14202561117579,240.50363822611914,0.12619977822043887,12.619977822043888
48077,"Clay County, Texas",687,138,13,15,5,8,58,59,103,71,80114,7097,179,0.26055312954876275,26.055312954876275,93.8669270829721,0.126211384483913,12.6211384483913
48295,"Lipscomb County, Texas",180,54,1,2,3,4,9,10,11,9,72560,7053,24,0.13333333333333333,13.333333333333334,14.177446878757825,0.06785059840343123,6.7850598403431235
48079,"Cochran County, Texas",326,68,18,20,6,6,7,8,19,19,45313,11121,50,0.15337423312883436,15.337423312883436,29.34280150224242,0.08413113507692042,8.413113507692042
48487,"Wilbarger County, Texas",1568,301,125,89,16,29,181,110,244,146,54102,9748,566,0.36096938775510207,36.0969387755102,205.37283169883986,0.11114662544688857,11.114662544688857
48117,"Deaf Smith County, Texas",2008,317,189,129,28,38,73,64,370,154,60799,5480,660,0.3286852589641434,32.86852589641434,214.23585134145966,0.09322300988494528,9.322300988494527
48489,"Willacy County, Texas",1437,292,209,169,33,49,99,70,307,159,54180,8228,648,0.4509394572025052,45.093945720250524,247.27110627810924,0.14564797301567725,14.564797301567726
48479,"Webb County, Texas",28743,1138,2914,570,1423,345,2501,407,7439,746,63058,2420,14277,0.4967122429808997,49.671224298089975,1079.8564719443043,0.032011060209067875,3.2011060209067876
48201,"Harris County, Texas",795727,6574,70731,2859,55829,2697,75595,3381,204931,4340,74983,639,407086,0.5115900302490678,51.15900302490678,6761.246260860493,0.007371171097189224,0.7371171097189224
48165,"Gaines County, Texas",1758,327,89,69,55,59,103,87,164,121,74132,12194,411,0.23378839590443687,23.378839590443686,174.5050142546053,0.08923096369036065,8.923096369036065
48369,"Parmer County, Texas",902,150,19,23,80,88,13,23,55,38,69735,9395,167,0.18514412416851442,18.514412416851442,101.22252713699653,0.10791381567836728,10.791381567836728
48147,"Fannin County, Texas",2716,325,124,67,119,77,160,84,539,152,72295,5678,942,0.34683357879234167,34.683357879234165,201.43981731524678,0.061468733911589926,6.146873391158993
48111,"Dallam County, Texas",932,273,193,167,142,152,45,56,45,73,71500,9289,425,0.4560085836909871,45.60085836909871,243.84011154853093,0.2249643454192412,22.49643454192412
48085,"Collin County, Texas",147833,2267,14429,1188,9341,987,12135,926,31836,1723,121600,1883,67741,0.4582265123483931,45.82265123483931,2492.331839864026,0.015324908657339703,1.5324908657339704
48431,"Sterling County, Texas",89,41,5,6,0,15,13,15,22,20,64954,18855,40,0.449438202247191,44.9438202247191,29.765752132274432,0.26265397748456887,26.265397748456888
48209,"Hays County, Texas",35807,1437,3445,685,2120,480,3968,657,10662,989,89097,2532,20195,0.563995866729969,56.399586672996904,1452.3756401151873,0.033658677528961276,3.3658677528961274
48121,"Denton County, Texas",124469,2018,11917,1028,8546,770,12909,1115,28226,1487,111498,1485,61598,0.49488627690428943,49.48862769042894,2259.220662086818,0.01628118813802044,1.6281188138020442
48303,"Lubbock County, Texas",56165,1446,4684,709,2681,440,4593,582,16516,1009,64155,1951,28474,0.5069705332502448,50.69705332502448,1432.8593790040948,0.021919875525768868,2.1919875525768866
48399,"Runnels County, Texas",952,179,12,13,85,56,51,36,86,67,62632,4391,234,0.24579831932773108,24.579831932773107,95.34149149242423,0.08884707422157055,8.884707422157055
48259,"Kendall County, Texas",3638,489,193,111,197,139,243,125,1247,346,114962,8014,1880,0.5167674546454095,51.67674546454095,408.63553443135606,0.08827171036702669,8.82717103670267
48325,"Medina County, Texas",2880,449,322,158,174,141,196,149,564,207,78074,4066,1256,0.4361111111111111,43.611111111111114,331.5041477870224,0.09287913476942601,9.2879134769426
48249,"Jim Wells County, Texas",4189,532,244,143,250,129,465,197,1319,344,51896,6825,2278,0.5438052041059919,54.38052041059919,440.7210001803862,0.07936799442984925,7.936799442984925
48193,"Hamilton County, Texas",665,132,105,80,15,23,90,55,94,61,58219,7670,304,0.45714285714285713,45.714285714285715,116.940155635265,0.15062940737401545,15.062940737401545
48293,"Limestone County, Texas",2338,240,217,111,40,49,99,61,497,157,60573,2038,853,0.36484174508126604,36.48417450812661,207.58612670407433,0.0805025738352395,8.050257383523949
48191,"Hall County, Texas",309,86,6,7,0,15,30,23,21,22,48459,7802,57,0.18446601941747573,18.446601941747574,35.874782229304195,0.10413126345598958,10.413126345598958
48305,"Lynn County, Texas",483,108,34,32,41,39,40,42,34,28,73679,7427,149,0.3084886128364389,30.848861283643892,71.36525765384722,0.13066450611286204,13.066450611286204
48107,"Crosby County, Texas",601,119,42,33,64,50,24,35,88,45,52188,7439,218,0.3627287853577371,36.272878535773714,82.6982466561414,0.11737004430061615,11.737004430061615
48137,"Edwards County, Texas",49,55,8,15,0,15,0,15,3,6,40313,21695,11,0.22448979591836735,22.448979591836736,22.045407685048602,0.3727231883374701,37.27231883374701
48027,"Bell County, Texas",61887,1525,5997,810,4673,661,5607,818,13804,998,68865,1892,30081,0.48606330893402494,48.60633089340249,1660.7675936144708,0.02401425878861617,2.401425878861617
48021,"Bastrop County, Texas",8682,880,553,255,433,248,528,252,1506,437,86226,5870,3020,0.34784611840589724,34.784611840589726,617.253594562235,0.0617375698716068,6.17375698716068
48441,"Taylor County, Texas",21677,799,2097,416,1636,395,1873,337,4660,531,67139,3057,10266,0.4735895188448586,47.35895188448586,851.2408589817572,0.035176127120848825,3.5176127120848824
48291,"Liberty County, Texas",5514,672,298,164,629,244,295,172,1295,340,68703,4468,2517,0.45647442872687705,45.647442872687705,481.26499976624103,0.06725368265904497,6.725368265904496
48197,"Hardeman County, Texas",321,92,32,27,0,15,18,21,57,37,63333,15015,107,0.3333333333333333,33.33333333333333,52.57375771237966,0.13303149357201074,13.303149357201075
48483,"Wheeler County, Texas",458,101,22,23,8,9,99,74,51,26,60167,10942,180,0.3930131004366812,39.30131004366812,82.23138087129512,0.15724103046814678,15.724103046814678
48017,"Bailey County, Texas",444,159,51,53,44,55,12,23,26,27,61420,15970,133,0.29954954954954954,29.954954954954953,84.2140130857092,0.15642273056288314,15.642273056288314
48439,"Tarrant County, Texas",318750,3457,30456,1651,25383,1819,34238,1789,79420,2364,84207,832,169497,0.5317552941176471,53.175529411764714,3850.1401273200436,0.010613158897745313,1.0613158897745314
48485,"Wichita County, Texas",18911,922,1250,278,1292,317,1881,334,3250,409,63524,2811,7673,0.40574268944000846,40.57426894400085,675.7292357150162,0.029756664078307054,2.9756664078307056
48307,"McCulloch County, Texas",1102,222,163,124,40,38,133,92,130,72,54043,13471,466,0.42286751361161523,42.28675136116152,174.5508521892689,0.13353630865519023,13.353630865519023
48177,"Gonzales County, Texas",2678,302,117,90,159,101,250,208,374,151,58672,4856,900,0.33607169529499625,33.60716952949963,290.4582586190312,0.10162394595163977,10.162394595163978
48221,"Hood County, Texas",4807,500,358,166,107,73,539,240,927,233,88160,6107,1931,0.4017058456417724,40.17058456417724,380.4917870335705,0.06722686984919427,6.722686984919426
48501,"Yoakum County, Texas",868,197,35,50,14,25,20,50,24,44,84925,12867,93,0.10714285714285714,10.714285714285714,86.95401083331349,0.09718128470324244,9.718128470324244
48227,"Howard County, Texas",3717,414,529,201,274,132,203,108,644,206,69649,3878,1650,0.44390637610976597,44.3906376109766,334.55193916640206,0.07520981207260709,7.520981207260709
48099,"Coryell County, Texas",11183,674,960,226,822,234,1060,256,1504,337,71301,2442,4346,0.3886255924170616,38.862559241706165,533.794904434278,0.0415908508559106,4.15908508559106
48451,"Tom Green County, Texas",16296,948,1355,294,1204,342,1523,311,3374,493,68370,2936,7456,0.4575355915562101,45.75355915562101,737.0006784257394,0.036564143494528654,3.6564143494528656
48149,"Fayette County, Texas",2146,293,253,128,59,62,131,105,368,147,75854,3307,811,0.37791239515377445,37.79123951537745,229.9173764638071,0.09389444790224485,9.389444790224486
48447,"Throckmorton County, Texas",236,58,0,15,6,7,9,12,37,28,59216,5647,52,0.22033898305084745,22.033898305084744,34.66987164671943,0.13656170705170667,13.656170705170666
48009,"Archer County, Texas",539,112,14,14,0,21,8,9,87,41,72159,8735,109,0.20222634508348794,20.222634508348794,48.979587585033826,0.08057176459622666,8.057176459622665
48013,"Atascosa County, Texas",3800,565,187,142,275,142,143,89,893,279,70770,4131,1498,0.39421052631578946,39.421052631578945,355.0915374942073,0.072777226204544,7.2777226204544
48143,"Erath County, Texas",6197,495,432,161,279,173,514,218,1955,338,65115,4506,3180,0.5131515249314185,51.315152493141845,466.4954447794748,0.06313958557996122,6.313958557996122
48375,"Potter County, Texas",18186,909,1671,385,1003,236,2111,452,3532,464,53249,2372,8317,0.45732981414274715,45.73298141427472,789.6334592708189,0.036915474528469085,3.6915474528469083
48341,"Moore County, Texas",2687,306,268,202,112,76,127,84,381,172,61762,4676,888,0.33048008931894307,33.04800893189431,288.47876871617433,0.10054812523217889,10.054812523217889
48233,"Hutchinson County, Texas",1171,217,40,35,85,60,28,31,214,86,67228,8462,367,0.3134073441502989,31.340734415029893,114.81289126226201,0.07899449472465524,7.899449472465523
48319,"Mason County, Texas",347,114,10,17,21,32,0,15,6,11,74180,6905,37,0.10662824207492795,10.662824207492795,40.7308237088326,0.11203078429248924,11.203078429248924
48019,"Bandera County, Texas",1306,281,182,142,106,91,41,54,127,75,75813,6485,456,0.34915773353751917,34.915773353751916,192.31744590650115,0.12665230274519057,12.665230274519057
48279,"Lamb County, Texas",1214,165,23,24,62,54,125,61,123,64,60760,4148,333,0.2742998352553542,27.429983525535416,106.34378214075329,0.07926845800293227,7.9268458002932265
48175,"Goliad County, Texas",370,107,32,32,21,26,9,12,48,42,59359,7643,110,0.2972972972972973,29.72972972972973,60.06662967072483,0.13770720666211433,13.770720666211433
48023,"Baylor County, Texas",517,107,45,34,32,40,9,12,105,54,45370,9031,191,0.3694390715667311,36.94390715667311,76.26270385975047,0.12614689969127488,12.614689969127488
48317,"Martin County, Texas",433,124,0,21,0,21,49,40,27,42,93734,17711,76,0.17551963048498845,17.551963048498845,61.68468205316454,0.13329675871234342,13.329675871234341
48275,"Knox County, Texas",282,59,9,9,11,10,0,15,12,13,56667,6490,32,0.11347517730496454,11.347517730496454,23.979157616563597,0.08165092867453133,8.165092867453133
48425,"Somervell County, Texas",741,218,70,48,97,86,76,70,8,17,79825,23833,251,0.33873144399460187,33.87314439946019,122.02049008260866,0.13109287140228357,13.109287140228357
48163,"Frio County, Texas",2232,403,66,56,158,142,157,147,257,113,66010,6533,638,0.28584229390681004,28.584229390681003,240.16244502419607,0.09441425928828316,9.441425928828316
48313,"Madison County, Texas",1044,554,81,239,0,23,15,18,225,145,74596,7602,321,0.3074712643678161,30.747126436781606,281.067607525307,0.2141476226173303,21.41476226173303
48411,"San Saba County, Texas",592,139,11,17,47,40,67,54,35,27,55819,7549,160,0.2702702702702703,27.027027027027028,74.39085965358916,0.1084595989323948,10.845959893239481
48263,"Kent County, Texas",64,37,0,15,0,15,0,15,5,8,72889,17672,5,0.078125,7.8125,17,0.261756894192994,26.175689419299403
48075,"Childress County, Texas",533,162,16,27,83,85,7,14,111,66,58654,17186,217,0.4071294559099437,40.71294559099437,111.83022847155415,0.1694376217504771,16.94376217504771
48433,"Stonewall County, Texas",79,38,16,26,0,15,0,15,0,15,56875,23710,16,0.20253164556962025,20.253164556962027,30.01666203960727,0.36725628352789474,36.72562835278947
48109,"Culberson County, Texas",259,131,0,15,0,15,0,15,12,23,58777,24616,12,0.04633204633204633,4.633204633204633,27.459060435491963,0.10339716387541083,10.339716387541083
48413,"Schleicher County, Texas",151,72,4,11,2,3,3,5,29,20,86694,15077,38,0.25165562913907286,25.165562913907287,23.558437978779494,0.0997110863875394,9.97110863875394
48011,"Armstrong County, Texas",152,49,5,8,0,15,9,11,0,15,72750,13280,14,0.09210526315789473,9.210526315789473,20.248456731316587,0.12986238951378837,12.986238951378837
48095,"Concho County, Texas",159,60,3,4,0,15,27,25,3,5,65795,12568,33,0.20754716981132076,20.754716981132077,29.8496231131986,0.17061619412133386,17.061619412133386
48421,"Sherman County, Texas",200,67,30,41,0,15,0,15,0,15,61250,21618,30,0.15,15,43.657759905886145,0.2124263107526937,21.24263107526937
48365,"Panola County, Texas",1787,289,230,96,52,52,78,43,166,90,64894,8447,526,0.29434806939003916,29.434806939003916,147.8817094843037,0.06769199436839188,6.7691994368391875
48265,"Kerr County, Texas",6752,511,697,312,396,168,510,215,1260,319,69395,3840,2863,0.4240225118483412,42.40225118483412,523.0239000275226,0.07050225472945283,7.050225472945283
48251,"Johnson County, Texas",16604,1082,1445,364,1786,332,1254,321,3490,463,84859,2719,7975,0.480305950373404,48.030595037340404,748.4183322180183,0.032435800985265675,3.2435800985265675
48035,"Bosque County, Texas",1812,227,76,45,220,100,92,47,210,77,68914,4001,598,0.33002207505518766,33.00220750551877,141.99647882958226,0.06657089008026265,6.657089008026265
48081,"Coke County, Texas",460,109,43,28,41,33,18,22,53,38,43333,11825,155,0.33695652173913043,33.69565217391305,61.652250567193406,0.10764788161126546,10.764788161126546
48217,"Hill County, Texas",3000,351,350,109,132,61,275,130,628,168,64591,2693,1385,0.46166666666666667,46.166666666666664,246.42645961828043,0.06188467587645049,6.188467587645049
48363,"Palo Pinto County, Texas",3256,317,342,156,157,83,192,77,790,194,67674,3848,1481,0.4548525798525799,45.48525798525799,273.47760420187973,0.07136930242945583,7.136930242945583
48335,"Mitchell County, Texas",588,164,42,39,11,16,15,17,104,108,60550,10400,172,0.2925170068027211,29.25170068027211,117.17508267545622,0.18181068741945217,18.181068741945218
48189,"Hale County, Texas",4350,422,243,138,297,154,205,124,1056,270,51897,4443,1801,0.41402298850574715,41.40229885057472,361.9889501075965,0.07288107757228014,7.288107757228015
48159,"Franklin County, Texas",700,156,74,45,59,63,28,24,64,54,72360,6650,225,0.32142857142857145,32.142857142857146,97.39609848448757,0.11928095694149857,11.928095694149857
48101,"Cottle County, Texas",97,63,0,15,0,15,0,15,15,17,59063,28606,15,0.15463917525773196,15.463917525773196,22.67156809750927,0.21104787763574664,21.104787763574663
48171,"Gillespie County, Texas",2889,423,234,137,292,208,270,144,474,200,76162,7606,1270,0.43959847698165455,43.959847698165454,350.38407498058467,0.10279356313072761,10.27935631307276
48093,"Comanche County, Texas",1047,173,78,52,117,78,58,40,76,71,59635,8590,329,0.3142311365807068,31.42311365807068,124.21352583354198,0.10667244783999374,10.667244783999374
48049,"Brown County, Texas",4749,455,306,132,334,144,390,199,1260,309,57470,4278,2290,0.48220678037481574,48.220678037481576,416.22349765480567,0.07447888451920841,7.447888451920841
48267,"Kimble County, Texas",430,128,20,20,11,11,26,23,51,36,69455,13799,108,0.25116279069767444,25.116279069767444,48.43552415324934,0.08425065829984771,8.42506582998477
48429,"Stephens County, Texas",755,187,6,11,32,40,22,23,90,91,58008,10198,150,0.1986754966887417,19.867549668874172,102.62066068779717,0.12670108452272583,12.670108452272583
48235,"Irion County, Texas",101,48,0,15,0,15,7,11,0,15,70357,19271,7,0.06930693069306931,6.9306930693069315,18.601075237738275,0.18119971009847713,18.119971009847713
48065,"Carson County, Texas",477,114,44,42,24,36,13,16,33,32,85231,6307,114,0.2389937106918239,23.89937106918239,65.87867636800242,0.1257458802236275,12.57458802236275
48129,"Donley County, Texas",297,85,0,15,9,12,0,15,50,48,58750,10089,59,0.19865319865319866,19.865319865319865,51.70106381884226,0.16453175207816692,16.45317520781669
48181,"Grayson County, Texas",18353,901,1277,341,1912,403,1553,357,4113,605,72182,1791,8855,0.4824824279409361,48.24824279409361,878.7286270516057,0.041609860893665654,4.160986089366565
48493,"Wilson County, Texas",2774,285,119,78,96,61,179,97,619,189,94565,5242,1013,0.3651766402307138,36.517664023071376,234.38216655709965,0.07570580820890999,7.570580820890998
48253,"Jones County, Texas",1160,225,52,54,22,24,52,43,263,167,59464,8588,389,0.3353448275862069,33.53448275862069,182.2909761891685,0.14305386353951152,14.305386353951151
48417,"Shackelford County, Texas",276,78,22,23,12,13,13,12,27,24,73047,13485,74,0.26811594202898553,26.811594202898554,37.656340767525464,0.11346103510009373,11.346103510009373
48385,"Real County, Texas",247,130,6,10,30,26,0,15,44,54,39605,34535,80,0.32388663967611336,32.388663967611336,62.5859409132754,0.18746936412197135,18.746936412197137
48255,"Karnes County, Texas",1777,318,98,90,66,91,129,114,383,193,60214,9628,676,0.3804164321890827,38.04164321890827,258.1201270726481,0.12831560189289362,12.831560189289362
48505,"Zapata County, Texas",1280,289,85,81,24,40,41,52,201,145,39239,4265,351,0.27421875,27.421875,178.5777141750896,0.12502334090556105,12.502334090556106
48357,"Ochiltree County, Texas",1004,230,29,27,0,21,200,134,219,128,70183,9262,448,0.44621513944223107,44.6215139442231,188.44097219023257,0.15741208478755248,15.741208478755247
48097,"Cooke County, Texas",4655,511,228,70,499,186,286,143,796,188,73932,4874,1809,0.3886143931256713,38.86143931256713,308.6891640469422,0.05077012825813787,5.077012825813787
48115,"Dawson County, Texas",1187,245,70,54,11,19,217,158,169,86,54360,12783,467,0.3934288121314238,39.34288121314238,188.77764698183947,0.13674336614587204,13.674336614587205
48381,"Randall County, Texas",18251,915,1798,459,970,258,1434,316,3353,520,83864,2804,7555,0.4139499205522985,41.39499205522985,804.6744683410801,0.03889961252852052,3.8899612528520517
48207,"Haskell County, Texas",559,150,16,15,86,73,58,56,47,33,60653,10160,207,0.370304114490161,37.0304114490161,98.88882646689666,0.1463594633886883,14.63594633886883
48281,"Lampasas County, Texas",1666,259,267,102,89,53,31,30,240,112,81736,7326,627,0.37635054021608644,37.635054021608646,163.26971550168145,0.07861922994279366,7.861922994279366
48271,"Kinney County, Texas",185,98,0,15,13,15,0,15,12,12,70000,8852,25,0.13513513513513514,13.513513513513514,24.372115213907882,0.11059524297718741,11.059524297718742
48359,"Oldham County, Texas",162,46,0,15,21,17,1,3,30,21,79900,7717,52,0.32098765432098764,32.098765432098766,31.04834939252005,0.16859673657738172,16.85967365773817
48113,"Dallas County, Texas",483826,4280,43692,2245,35445,1904,46330,2527,115678,3151,76547,806,241145,0.49841265248250405,49.8412652482504,4997.976690621916,0.00934192774343551,0.934192774343551
48083,"Coleman County, Texas",763,179,38,33,67,53,2,7,87,70,49159,3270,194,0.254259501965924,25.4259501965924,94.0584924395453,0.10788222146747348,10.788222146747348
48367,"Parker County, Texas",10870,790,935,314,771,237,919,281,2582,548,104443,3349,5207,0.4790248390064397,47.90248390064397,730.7735627401966,0.05751212481992983,5.751212481992983
48299,"Llano County, Texas",2528,335,118,86,333,170,277,158,357,116,67530,7397,1085,0.42919303797468356,42.91930379746836,273.34227627646624,0.09195901080967402,9.1959010809674009
48047,"Brooks County, Texas",1405,357,60,97,0,21,76,75,196,186,47764,16489,332,0.23629893238434163,23.629893238434164,223.76550225626826,0.1475124066259611,14.75124066259611
48397,"Rockwall County, Texas",7203,707,690,244,444,208,809,309,1707,380,127981,4257,3650,0.5067333055671248,50.67333055671248,585.3896138470515,0.06427299315777585,6.427299315777585
48059,"Callahan County, Texas",999,212,160,91,48,32,66,70,118,66,72436,8036,392,0.3923923923923924,39.23923923923924,136.23876100434853,0.1080009659260377,10.800096592603769
48145,"Falls County, Texas",1493,328,107,82,108,63,69,66,165,83,57247,3673,449,0.30073677160080375,30.073677160080376,148.11482032531384,0.07400469938971714,7.400469938971714
48231,"Hunt County, Texas",11031,765,1183,366,874,293,1056,304,2055,452,71938,2536,5168,0.46849786964010515,46.84978696401051,718.696737156918,0.05647318553627553,5.647318553627553
