country_as_recognized_by_the_un,continent,foreign_exchange_reserves,last_reporteddate
China,Asia,3854885,1 August 2026
Japan,Asia,1287470,30 June 2026
Switzerland,Europe,939140,30 June 2026
India,Asia,785710,04 September 2026
Russia,Europe/Asia,761200,21 August 2026
Taiwan,Asia,597150,30 June 2026
Saudi Arabia,Asia,487370,31 May 2026
Hong Kong *,Asia,445900,30 June 2026
South Korea,Asia,427400,30 June 2026
Singapore,Asia,426830,30 June 2026
Brazil,Americas,366913,30 Apr 2026
Germany,Europe,345338,1 Oct 2024
Thailand,Asia,300180,1 Jul 2026
Italy,Europe,279631,1 Nov 2024
France,Europe,272693,1 Nov 2024
Mexico,Americas,255605,30 Jan 2026
United States,Americas,253767,22 Aug 2025
Israel,Asia,231880,6 Oct 2025
Poland,Europe,223200,7 Jan 2025
Turkey,Asia,218158,30 Jan 2026
United Arab Emirates,Asia,210000,1 Nov 2024
United Kingdom,Europe,189228,1 Nov 2024
Indonesia,Asia,159246,1 Nov 2024
Czech Republic,Europe,149416,1 Nov 2024
Netherlands,Europe,125451,1 Mar 2024
Canada,Americas,123084,1 Nov 2024
Malaysia,Asia,119700,1 Oct 2024
Philippines,Asia,112434,1 Nov 2024
Spain,Europe,100983,1 Nov 2024
Iraq,Asia,100000,25 Mar 2024
Romania,Europe,95127,31 Jan 2026
Vietnam,Asia,93342,1 Mar 2024
Denmark,Europe,93196,1 Nov 2024
Belgium,Europe,82000,1 Mar 2024
Norway,Europe,80110,1 Oct 2024
Peru,Americas,73483,1 Mar 2024
Libya,Africa,70524,1 Mar 2024
Algeria,Africa,68028,1 Mar 2024
South Africa,Africa,67450,31 Mar 2025
Australia,Oceania,65018,7 Nov 2024
Qatar,Asia,64560,1 Mar 2024
Sweden,Europe,62438,7 Nov 2024
Colombia,Americas,57269,8 Mar 2024
Portugal,Europe,53710,1 Mar 2024
Kuwait,Asia,46420,1 Mar 2024
Chile,Americas,42527,1 Mar 2024
Hungary,Europe,41344,1 Mar 2024
Ukraine,Europe,40507,1 Mar 2024
Bangladesh,Asia,37660,03 Jul 2026
Argentina,Americas,36625,1 Jun 2026
Serbia,Europe,35770,11 Sept 2026
Bulgaria,Europe,35395,1 Mar 2024
Egypt,Africa,35310,1 Mar 2024
Nigeria,Africa,34980,1 Mar 2024
Austria,Europe,34856,1 Mar 2024
Kazakhstan,Asia,34500,1 Mar 2024
Uzbekistan,Asia,32195,1 Mar 2024
Morocco,Africa,32037,1 Mar 2024
New Zealand,Oceania,31712,1 Mar 2024
Pakistan,Asia,26791,19 Sep 2026
Iran,Asia,24300,1 Mar 2024
Macau *,Asia,24283,1 Mar 2024
Guatemala,Americas,21390,1 Mar 2024
Turkmenistan,Asia,20600,1 Mar 2024
Cambodia,Asia,18496,1 Mar 2024
Jordan,Asia,18765,1 Mar 2024
Nepal,Asia,18400,11 Mar 2024
Oman,Asia,16163,1 Mar 2024
Uruguay,Americas,15449,1 Mar 2024
Lebanon,Asia,14738,1 Mar 2024
Dominican Republic,Americas,14371,1 Mar 2024
Angola,Africa,14200,15 Mar 2024
Costa Rica,Americas,13200,1 Mar 2024
Ireland,Europe,12599,1 Mar 2024
Azerbaijan,Asia,11650,1 Mar 2024
Ivory Coast,Africa,9800,1 Mar 2024
Paraguay,Americas,9707,1 Mar 2024
North Korea,Asia,9109,1 Mar 2024
Bosnia and Herzegovina,Europe,8711,1 Mar 2024
Belarus,Europe,8697,31 Aug 2024
Tunisia,Africa,8623,21 Mar 2024
Finland,Europe,7995,1 Mar 2024
Slovakia,Europe,7650,1 Mar 2024
Honduras,Americas,7390,21 Mar 2024
Tanzania,Africa,7022,22 Mar 2024
Iceland,Europe,6847,15 Mar 2024
Myanmar,Asia,6700,1 Mar 2024
Sri Lanka,Asia,6467,31 Oct 2024
Panama,Americas,6143,1 Mar 2024
Venezuela,Americas,5908,1 Mar 2024
Trinidad and Tobago,Americas,5800,18 Mar 2024
Moldova,Europe,5600,30 Aug 2024
Mauritius,Africa,5591,1 Mar 2024
Bahrain,Asia,5500,25 Mar 2024
Albania,Europe,5290,31 Apr 2024
Georgia,Europe,5224,25 Mar 2024
Mongolia,Asia,5120,20 Mar 2024
Botswana,Africa,5080,1 Mar 2024
Jamaica,Americas,4921,5 Mar 2024
Lithuania,Europe,4900,1 Mar 2024
Vatican City,Europe,4339,1 Mar 2024
Armenia,Asia,4298,25 Mar 2024
Nicaragua,Americas,3980,1 Mar 2024
Greece,Europe,3926,1 Mar 2024
Latvia,Europe,3913,1 Mar 2024
Uganda,Africa,3700,1 Mar 2024
Andorra,Europe,3689,20 Mar 2024
Brunei,Asia,3664,1 Mar 2024
Cameroon,Africa,3459,1 Mar 2024
Ethiopia,Africa,3430,1 Mar 2024
Ghana,Africa,3368,1 Mar 2024
Ecuador,Americas,3305,1 Mar 2024
Kyrgyzstan,Asia,2976,1 Mar 2024
Croatia,Europe,2935,1 Mar 2024
Slovenia,Europe,2519,1 Mar 2024
El Salvador,Americas,2510,1 Mar 2024
Cuba,Americas,2500,15 Mar 2024
Kenya,Africa,2490,5 Mar 2024
Papua New Guinea,Oceania,2339,1 Mar 2024
Haiti,Americas,2296,1 Mar 2024
Estonia,Europe,2065,1 Mar 2024
Namibia,Africa,2019,1 Mar 2024
Bahamas,Americas,1758,1 Mar 2024
Bolivia,Americas,1769,1 Mar 2024
Madagascar,Africa,1620,19 Mar 2024
Montenegro,Europe,1558,1 Mar 2024
Mauritania,Africa,1493,1 Mar 2024
Tajikistan,Asia,1482,1 Mar 2024
Rwanda,Africa,1458,1 Mar 2024
Zambia,Africa,6500,12 JUN 2026
Guinea,Africa,1425,15 Mar 2024
Gabon,Africa,1377,1 Mar 2024
Cyprus,Asia,1271,1 Mar 2024
Luxembourg,Europe,1119,5 Mar 2024
Laos,Asia,1099,1 Mar 2024
Curaçao *,Americas,1080,20 Mar 2024
Fiji,Oceania,1065,5 Mar 2024
Niger,Africa,1053,1 Mar 2024
Aruba *,Americas,1017,15 Mar 2024
Bhutan,Asia,972,10 Mar 2024
Kosovo *,Europe,950,1 Mar 2024
Malta,Europe,937,20 Mar 2024
Lesotho,Africa,785,1 Mar 2024
Barbados,Americas,770,1 Mar 2024
San Marino,Europe,716,1 Mar 2024
Cape Verde,Africa,712,1 Mar 2024
Gambia,Africa,698,1 Mar 2024
Palestine *,Asia,671,1 Mar 2024
Timor-Leste,Asia,654,1 Mar 2024
Suriname,Americas,647,8 Mar 2024
Maldives,Asia,644,1 September 2026
Sierra Leone,Africa,624,2 Mar 2024
Mali,Africa,604,1 Mar 2024
Guyana,Americas,553,10 Mar 2024
Solomon Islands,Oceania,551,8 Mar 2024
Seychelles,Africa,546,1 Mar 2024
Vanuatu,Oceania,509,1 Mar 2024
Democratic Republic of the Congo,Africa,505,14 Mar 2024
Djibouti,Africa,504,1 Mar 2024
Malawi,Africa,488,1 Mar 2024
Eswatini,Africa,467,1 Mar 2024
Afghanistan,Asia,443,1 Oct 2024
Republic of the Congo,Africa,443,1 Mar 2024
Syria,Asia,401,1 Mar 2024
Federated States of Micronesia,Oceania,395,1 Mar 2024
Central African Republic,Africa,375,1 Mar 2024
Saint Kitts and Nevis,Americas,365,1 Mar 2024
Liberia,Africa,342,1 Mar 2024
Guinea-Bissau,Africa,329,1 Mar 2024
Antigua and Barbuda,Americas,285,1 Mar 2024
Belize,Americas,281,1 Mar 2024
Saint Lucia *,Americas,258,1 Mar 2024
Yemen,Asia,250,1 Mar 2024
Grenada,Americas,247,1 Mar 2024
Tonga,Oceania,226,1 Mar 2024
Togo,Africa,208,1 Mar 2024
Comoros,Africa,197,1 Mar 2024
Saint Vincent and the Grenadines *,Americas,192,1 Mar 2024
Eritrea,Africa,189,1 Mar 2024
Samoa,Oceania,188,1 Mar 2024
São Tomé and Príncipe,Africa,186,1 Mar 2024
Sudan,Africa,172,1 Mar 2024
Dominica,Americas,168,1 Mar 2024
Senegal,Africa,164,1 Mar 2024
Zimbabwe,Africa,159,1 Mar 2024
Chad,Africa,143,1 Mar 2024
Burundi,Africa,105,1 Mar 2024
South Sudan,Africa,80,2 Mar 2024
Benin,Africa,69,1 Mar 2024
Montserrat,Americas,54,1 Mar 2024
Equatorial Guinea,Africa,46,1 Mar 2024
Burkina Faso,Africa,42,1 Mar 2024
Somalia,Africa,37,1 Mar 2024
Kiribati,Oceania,8,1 Mar 2024
Mozambique,Africa,4,31 Jul 2025
North Macedonia,Europe,4,31 Aug 2025
